track_appearances,recording_id,distinct_mediums,distinct_releases
4320,42361496,180,1
3429,5600484,238,228
1092,414105,12,12
900,37304704,1,1
890,413038,11,11
871,14137670,871,871
867,9272938,867,867
747,14137636,747,744
743,709918,11,11
710,11458601,709,709
705,9167023,13,13
700,918720,700,700
688,5882994,688,688
687,161386,687,687
653,872497,653,652
641,199611,641,640
632,722828,632,632
629,3751545,12,12
626,10449336,625,623
625,31093913,625,623
623,178188,623,622
616,21990,615,615
615,30175115,615,615
602,5832085,602,601
594,434087,587,587
591,2100865,591,590
587,1361260,11,11
584,2085480,584,584
580,654725,580,580
574,10468406,574,574
566,243958,566,566
557,1991524,557,554
556,267493,556,555
553,1191699,553,553
553,6187379,553,553
551,25581197,549,548
550,224407,550,549
547,214445,547,547
542,180788,542,542
538,243230,537,537
538,247573,536,535
532,1665199,529,529
526,267877,526,524
523,14725143,523,523
520,6825370,520,520
504,215155,502,501
502,151114,502,500
502,1202498,502,501
501,3125748,501,501
498,983083,498,498
497,160706,496,483
496,53678,495,495
494,785499,494,493
493,1436902,493,493
488,280609,488,488
486,426341,484,484
486,861900,486,486
484,25294330,483,483
483,32222584,482,482
480,2036141,480,480
478,28099863,478,478
477,8769,477,473
477,1610055,477,477
475,1811743,475,475
472,2120927,472,472
472,13099215,472,471
469,21432713,469,468
467,286116,467,467
467,8485104,467,467
467,27627346,466,465
464,311250,464,464
463,418583,462,462
461,214451,461,461
459,16575935,457,456
456,254332,456,456
454,9355821,454,452
453,299375,453,452
451,18768707,451,450
451,19098022,451,451
450,25174519,450,450
448,37836245,448,448
446,465718,445,445
444,283699,444,443
442,168635,442,437
437,249483,435,435
437,266304,433,433
434,17271061,432,429
432,14983781,431,431
431,170605,431,431
428,274218,428,426
427,357518,427,427
426,162335,426,424
426,464221,426,424
425,204506,425,424
425,310870,425,425
419,253861,418,417
418,1914931,418,415
415,195102,415,415
415,361864,408,404
412,175845,412,412
412,204519,412,412
412,211588,408,407
411,948562,411,410
411,10597352,411,410
409,3631446,409,408
409,13023613,408,408
407,577022,407,405
405,178189,405,405
402,172084,401,400
402,272070,402,400
402,284926,402,402
401,168638,401,401
401,481645,401,401
398,386533,398,398
397,4608040,397,396
396,2332260,396,396
395,186636,395,394
394,996939,394,390
392,25420776,392,391
391,3586918,389,389
391,11085178,7,7
389,22555633,389,387
388,358596,388,387
387,268358,384,382
387,1811583,387,386
387,12904334,387,386
386,3311255,386,386
386,19720211,386,385
385,179587,385,385
385,1399847,385,384
384,155392,383,382
384,45808098,384,384
380,5165711,380,380
380,25124496,380,379
380,26845187,4,4
378,308315,378,377
377,62859,377,375
376,241818,376,376
374,210622,374,374
374,238158,373,369
374,44846170,374,374
373,238141,373,373
372,3972691,372,372
371,7053290,370,370
369,273315,368,368
369,14736504,369,369
367,439759,367,367
367,1499466,367,367
366,31060539,366,365
366,43691072,366,366
365,161383,365,365
364,261589,364,363
363,13938265,363,363
362,249489,362,362
361,437972,361,361
361,8130532,359,356
360,435820,360,360
359,258388,359,358
359,582701,359,357
358,8967474,358,357
354,426345,354,354
354,444233,354,354
353,478052,353,353
352,409877,349,349
352,564021,352,352
352,5658300,4,4
351,162589,351,351
351,391512,351,349
351,2554466,351,348
349,153242,349,348
349,257012,349,349
349,265142,349,349
349,586400,349,349
349,23962271,349,348
348,265681,348,347
347,161391,347,347
347,191365,345,344
347,252328,347,347
347,890999,345,345
345,2481121,345,345
344,545022,4,4
344,581233,343,343
344,792618,344,344
343,210617,343,343
343,386618,343,343
343,7103883,343,343
342,11784735,342,342
341,3258300,341,341
340,18898226,340,340
339,555180,339,338
338,156608,338,334
338,1719519,338,338
338,2100849,338,338
338,8432166,338,337
338,22445754,338,337
337,2345042,336,336
336,156596,336,334
335,253616,335,335
335,277550,335,334
335,26982974,335,335
334,499964,332,332
333,189238,333,333
332,266347,331,331
332,275206,332,332
332,22791871,331,331
331,1825029,331,330
331,5537587,331,331
330,288282,330,330
330,4832499,6,6
329,570996,329,328
329,31093906,329,329
328,233367,328,325
328,255242,328,326
328,1206297,328,328
328,13664515,328,328
327,161331,327,322
327,1072907,327,324
327,2469076,327,327
326,253750,326,326
326,303547,326,326
326,381021,326,326
326,25124497,326,326
324,1751341,324,324
324,12043567,324,324
324,25325800,324,324
324,37836237,324,324
323,95537,323,318
323,253627,323,323
323,274228,323,322
323,20294374,323,323
322,386538,322,322
322,8914051,322,321
322,11551684,9,9
321,253626,321,321
321,437580,321,317
320,500490,320,319
319,3068657,318,318
318,31093912,318,318
317,2688776,317,316
316,490440,316,313
316,514610,315,315
316,1928767,316,316
316,4634005,4,4
315,1010060,314,313
314,154518,314,314
314,240329,314,314
314,274216,314,314
314,456577,314,314
314,14815606,314,314
312,662619,311,311
312,30525062,312,312
311,198459,311,311
310,24741,310,309
310,18707126,310,310
309,3648758,309,309
308,1232078,308,308
308,15486175,308,308
307,314380,307,307
307,386531,307,306
306,213741,306,305
306,220296,306,306
305,209147,305,302
305,1359043,305,304
304,249703,304,304
304,3914632,304,304
304,4231672,304,304
303,497933,303,302
302,42688502,301,301
301,1119278,301,301
299,9350,299,291
299,291084,299,297
299,291680,299,299
299,300754,299,299
298,514614,298,298
298,562884,297,297
297,167796,297,297
296,179901,293,287
296,554018,296,295
296,23564000,296,295
296,23962263,296,296
294,163259,294,294
294,172085,290,290
294,251558,294,293
294,252379,294,294
294,375030,294,294
294,3522498,294,294
293,151120,293,293
293,33108562,293,292
292,9070869,292,292
291,801716,291,290
291,4551702,290,290
291,14719752,291,291
290,151116,290,289
290,1195733,290,290
289,429886,289,289
289,808710,289,289
289,1009094,289,289
289,2764030,289,289
288,306625,288,288
288,41471663,288,288
287,172080,286,286
287,560991,287,287
287,21685480,287,287
286,1457704,286,284
285,195668,285,284
285,232365,285,283
285,359109,285,284
285,5850197,285,285
285,6466588,285,285
285,37432713,285,284
284,162699,284,284
284,284921,284,284
284,453021,284,284
284,527670,284,284
284,1271121,284,284
282,4576522,281,281
281,237008,281,281
281,9817121,281,281
281,13037278,281,280
281,15215477,281,274
280,154821,280,280
280,305487,280,280
278,185466,277,275
278,347142,278,278
278,393341,278,278
277,152531,277,276
277,296301,277,277
277,731325,277,276
277,777100,277,277
277,7123001,277,277
277,11791949,277,277
277,18388363,277,275
276,168747,276,276
275,258972,275,275
275,286937,275,275
275,521962,275,275
275,9515215,274,274
275,13734566,275,271
274,712466,272,271
274,15501109,274,271
274,30175110,273,273
273,263111,273,273
273,267117,273,273
273,274234,273,273
273,409878,271,269
273,1151727,272,272
273,2010655,273,273
273,18388364,273,270
272,178390,272,272
272,238123,272,272
272,313302,271,271
272,1145479,271,271
272,18388366,272,268
272,18473691,272,272
271,165482,271,269
271,168164,271,268
271,211581,271,271
271,429884,271,271
271,1876316,271,271
271,17270354,271,271
271,22559041,271,271
270,204364,270,270
270,1829565,270,270
270,30175111,270,270
269,151122,269,269
269,996941,269,269
269,13004215,268,264
268,235668,268,266
268,632831,268,268
268,805974,268,268
268,31093888,268,268
267,222288,267,267
267,1157610,267,266
267,1271136,267,267
267,5287584,267,267
266,219217,266,266
266,1257762,266,266
266,2416721,266,266
266,19441743,266,266
265,210524,265,265
265,262677,265,265
265,787399,265,264
265,16272109,265,265
265,23140638,265,265
264,253869,264,264
264,293208,264,263
264,1458722,3,3
264,8199311,264,264
264,35438575,264,263
263,4910994,263,263
262,225083,262,261
262,263113,262,262
262,422946,260,260
262,13225958,262,262
261,191370,261,260
261,12940555,259,257
260,210556,260,260
260,405445,260,260
260,5220323,260,260
260,8432168,260,258
259,211586,259,259
259,249718,259,259
259,515314,258,256
259,7925159,259,259
259,44702835,258,257
258,757940,258,258
258,1133309,258,258
258,11350475,258,257
258,13265313,258,257
258,15040110,258,258
257,222296,257,257
257,239233,257,256
257,253866,257,257
257,505776,257,257
257,2657022,257,257
256,175023,256,255
256,316962,254,254
256,440040,256,255
256,738924,255,248
256,2553322,256,256
256,22694988,4,4
255,260554,255,255
255,453486,255,255
255,1473505,255,255
255,7839925,3,3
255,20487897,255,255
255,29079741,255,255
254,162703,254,254
254,178324,254,253
254,263100,254,254
254,389294,254,252
253,165967,253,253
253,194090,253,253
253,303539,253,253
253,635134,253,251
253,1479994,253,253
252,6475193,252,252
252,31486422,252,251
251,212668,251,251
251,7162931,251,251
251,8432167,251,250
251,24181332,251,251
251,44886620,251,251
250,9352,250,242
250,268360,250,248
249,172083,249,249
249,276252,249,247
249,464365,249,249
249,721885,249,248
249,1140609,248,248
249,1297909,3,3
249,1939400,249,249
248,160708,248,244
248,189991,248,248
248,282087,248,248
248,433205,248,248
248,623055,248,247
248,1209856,248,248
248,7884097,248,246
248,18388359,248,247
248,19488741,248,248
247,143847,246,243
247,2361226,247,247
247,5507104,247,245
246,253870,246,246
246,893449,246,246
246,4358817,246,246
246,12906818,246,246
246,14523231,238,237
246,19123160,3,3
245,304716,245,245
245,708082,245,245
245,43532408,245,244
244,172081,244,244
244,194340,244,243
244,3463574,244,244
244,4460227,244,244
243,172082,243,243
243,210609,243,243
243,305536,243,243
243,409876,242,242
242,211589,242,242
242,319043,242,240
242,430107,242,242
242,817622,242,242
242,1439512,242,242
242,4910983,242,242
242,8224600,242,242
242,26446589,242,241
241,162587,241,241
241,277813,241,240
241,409875,241,241
241,467646,241,239
241,1445440,241,241
241,4189491,241,240
241,12502051,241,241
241,32442384,241,240
240,153279,240,240
240,254333,240,240
240,364248,239,239
240,384242,240,240
240,12651645,240,236
240,43691078,240,240
239,168748,239,239
239,284833,239,239
239,456024,238,238
239,7892714,239,239
239,13004214,239,235
238,163056,238,237
238,164820,238,238
238,178361,238,235
238,229160,238,238
238,249227,238,238
238,295066,238,238
238,1803755,237,237
238,13944567,238,238
238,23962272,238,237
237,490435,237,237
237,644210,237,233
237,1508217,237,237
237,6322813,237,236
236,16931889,236,231
235,265674,235,235
235,436207,235,234
235,1691316,235,235
235,11245068,12,12
235,15172834,235,235
234,195671,234,225
234,239064,234,233
234,617169,233,232
234,665358,234,233
234,26454402,234,234
234,27708203,234,233
233,185618,233,233
233,270562,233,233
233,272574,233,233
233,490423,233,233
233,1028705,233,233
233,1089110,233,233
233,2350651,233,232
233,22194011,233,233
232,194089,232,232
232,243241,232,230
232,253867,232,232
232,3462812,232,232
232,6135338,232,229
232,14497901,232,232
232,20796168,232,232
232,21912190,232,232
231,180021,231,230
231,237006,231,231
231,245841,231,229
231,258442,230,230
231,275257,231,230
231,549210,231,231
231,571087,231,225
231,22360316,231,231
231,40933840,1,1
230,269177,230,230
230,3321819,230,230
230,14214985,230,230
229,12436,229,229
229,53667,229,229
229,222962,229,228
229,239110,229,229
229,386612,229,229
229,617176,227,226
229,1313650,229,228
229,8432170,229,227
229,20556646,228,226
228,232804,227,226
228,386381,228,228
228,979091,228,226
228,11881695,228,228
227,283006,227,225
227,303542,227,227
227,365389,227,227
227,593259,227,227
227,1243900,227,227
227,3134116,227,227
227,19927437,227,227
227,31616900,227,227
227,38287649,227,227
226,198458,224,224
226,225086,226,225
226,238128,226,226
226,271532,226,226
226,331828,226,226
226,476993,225,224
226,12888065,226,226
226,15024386,226,226
226,22431886,226,225
225,19981,225,223
225,175848,225,222
225,211582,225,225
225,211583,225,225
225,220606,225,225
225,238127,225,225
225,238129,225,225
225,330040,225,225
225,332754,225,224
225,428644,225,225
225,1303749,225,225
225,1660600,225,225
225,2761656,225,221
225,12514672,225,224
225,14523232,218,217
224,211585,224,224
224,238125,224,224
224,284914,224,224
224,307570,224,223
224,418802,224,224
224,731378,224,224
224,824702,224,224
224,20327414,224,224
223,178186,223,223
223,238130,223,223
223,238133,223,223
223,261376,223,222
223,286129,223,223
223,456020,223,223
223,481360,222,222
223,960003,223,223
223,1174271,223,223
223,4605935,223,223
222,211580,221,221
222,211587,222,222
222,211590,222,222
222,211591,222,222
222,246837,222,213
222,251301,222,221
222,252387,222,222
222,276253,222,220
222,500562,222,222
222,1412156,222,217
222,5699594,222,222
221,53669,221,221
221,211584,221,221
221,253868,221,221
221,268197,221,221
221,614797,221,221
221,10238086,220,220
221,20796172,221,221
220,252323,220,220
220,286114,220,216
220,430053,220,220
220,3880253,220,219
220,17271067,220,216
219,156609,219,219
219,168632,219,214
219,277490,219,215
219,383388,219,219
219,406269,219,219
219,431685,219,219
219,527656,219,219
219,596649,219,219
219,612174,219,219
218,303591,218,217
218,581238,218,218
218,612113,218,217
218,17378033,217,217
217,177618,217,217
217,237009,217,217
217,253865,217,217
217,396639,217,216
217,541552,217,217
217,686304,217,217
217,838521,217,215
217,13004222,217,213
216,425921,216,215
216,2146287,216,215
216,4861338,216,216
216,14132588,216,216
215,176147,215,215
215,204372,215,214
215,453164,215,215
215,521729,214,214
215,2103587,215,215
215,8260368,213,212
214,169733,214,213
214,187769,214,214
214,237985,214,211
214,268361,214,211
214,278379,214,214
214,403132,214,214
214,437576,214,211
214,550651,214,214
214,3749815,4,4
214,5285351,214,214
214,8432169,214,213
214,13101307,212,212
214,15860648,214,214
213,191350,213,213
213,297668,211,211
213,1077026,213,213
213,1617288,213,213
213,3627439,213,210
213,4274756,213,213
213,7996351,213,204
213,14931522,213,213
213,15107891,213,213
212,165085,212,210
212,221145,212,209
212,253863,212,212
212,307652,211,211
212,647495,212,212
212,715673,212,212
212,2840005,212,210
212,7291646,212,212
212,9894974,212,212
212,38921597,212,212
211,253864,208,208
211,259009,211,207
211,273161,211,210
211,1186313,211,211
211,5218370,211,211
211,6581151,211,211
211,8432172,211,210
211,8432175,211,210
211,12406284,211,211
211,13306232,211,211
211,31093898,211,209
210,230750,210,210
210,253618,210,210
210,271099,210,210
210,2198467,210,210
210,2983333,210,210
210,6782810,210,207
210,9388052,210,210
210,13520856,210,207
210,15713312,209,209
210,38921602,210,210
209,185470,209,207
209,1410960,208,204
209,1983819,209,209
209,5396051,208,208
209,12740445,208,205
209,13908688,209,208
209,15720972,209,209
209,24677876,207,207
209,30255059,209,207
209,31486423,209,208
208,479301,208,208
208,533148,208,208
208,650026,208,208
208,1361381,207,207
208,1913482,208,208
208,8432176,208,207
208,10506875,200,200
208,12940543,208,205
207,178720,207,206
207,239132,206,206
207,249701,207,207
207,291086,207,204
207,316278,207,207
207,654732,207,207
207,1164716,206,204
207,1317489,205,203
207,1901218,207,206
207,3213473,207,207
207,5254596,207,206
207,6647161,207,206
207,9101848,207,207
207,13004219,207,202
207,31093911,207,207
206,185810,206,206
206,238124,206,206
206,249692,206,205
206,259063,206,206
206,436617,202,202
206,3217727,206,206
206,6566253,206,206
206,12940558,206,206
206,13004221,205,201
206,26316301,206,205
205,256226,205,205
205,295070,205,205
205,451309,205,203
205,547164,205,205
205,693181,205,205
205,766082,12,12
205,1224318,204,204
205,2192085,205,200
205,6042006,205,205
205,23962475,205,205
204,186067,204,204
204,192267,204,199
204,238131,204,204
204,253862,204,204
204,286026,204,203
204,299550,204,201
204,302314,204,204
204,383939,204,204
204,434223,204,203
204,8432177,204,203
204,8984479,204,203
204,12537679,204,201
203,214011,203,200
203,252587,203,203
203,339585,203,202
203,435408,203,203
203,518579,203,203
203,1622955,203,203
203,10982426,202,200
203,12215864,203,197
203,15087097,203,202
202,10921,202,200
202,161430,201,198
202,161997,202,202
202,171646,202,200
202,317237,202,202
202,455481,202,201
202,617175,202,201
202,718661,202,202
202,742061,202,202
202,5611438,202,202
202,22296814,202,200
202,35961230,202,202
201,238132,201,201
201,252319,201,201
201,252378,201,201
201,375026,201,201
201,489482,201,200
201,8291883,23,23
201,8432178,201,200
201,8506235,201,201
201,13004216,201,197
201,17104697,201,201
200,12108,200,200
200,430115,200,200
200,745585,5,5
200,5110029,200,200
200,8269112,200,200
200,31701311,1,1
199,12430,199,199
199,165081,199,194
199,189472,198,198
199,440041,198,197
199,611750,199,197
199,1137712,199,199
199,3410626,199,199
199,37836247,199,198
198,21355,198,198
198,207296,198,198
198,272258,198,198
198,272994,198,197
198,293972,198,198
198,398981,198,198
198,1271036,198,198
198,12940548,198,198
198,13153530,198,198
198,23962270,198,198
198,36170197,198,198
197,162969,196,195
197,164028,196,192
197,193462,196,195
197,222874,197,197
197,238862,197,196
197,256373,197,197
197,281047,197,195
197,431382,197,197
197,798016,197,197
197,1137695,197,197
197,13004217,197,193
197,18767450,197,197
197,18989358,197,197
197,19251983,197,197
196,170388,196,195
196,172336,196,196
196,176089,196,196
196,312794,196,195
196,365384,196,195
196,366778,196,196
196,429570,196,196
196,547151,196,196
196,2104234,196,196
196,2900911,196,196
196,15356316,196,196
195,151161,195,195
195,288023,195,195
195,330786,195,195
195,617170,195,194
195,741147,194,194
195,1503155,195,195
195,6258645,195,195
195,12261283,195,195
195,13004220,195,191
195,18388367,195,195
195,23330248,195,195
194,176092,192,189
194,239131,194,194
194,272914,194,194
194,278420,194,193
194,280625,194,194
194,1093032,194,194
194,2241840,194,194
194,3756125,194,194
194,3810783,194,194
194,7580601,194,192
194,9817789,194,193
194,20249110,194,194
194,31093884,193,193
193,29505,193,193
193,189470,193,193
193,267837,193,189
193,281052,193,193
193,387456,193,193
193,1036400,193,193
193,9717242,193,193
192,165087,192,190
192,183514,192,188
192,430205,192,192
192,500510,192,192
192,765575,192,192
192,1323467,192,191
192,1599161,192,192
192,6135343,192,191
192,8274596,192,192
192,12940550,191,189
192,13004218,192,188
191,21356,191,189
191,272917,191,191
191,329374,191,188
191,491582,191,191
191,635661,191,191
191,902264,3,3
191,951381,191,191
191,4053664,191,191
191,14619728,191,190
190,96490,190,190
190,160245,190,190
190,354873,190,189
190,380218,190,190
190,396092,189,188
190,429971,190,190
190,567741,190,189
190,1802509,190,189
190,2639418,190,190
190,4322958,190,190
190,7550020,190,188
190,13565314,190,190
190,15372157,190,190
190,23907994,190,190
190,28371630,190,188
189,248987,189,189
189,259206,189,189
189,264469,188,188
189,280668,189,189
189,426346,189,189
189,480502,189,189
189,515500,189,189
189,573456,189,189
189,617172,189,188
189,2205884,188,188
189,2336259,188,187
189,2443320,189,189
189,2728495,189,186
189,8745917,189,187
189,8860407,189,189
189,13004223,189,185
189,14240428,189,188
188,231413,188,187
188,330640,187,187
188,419212,188,188
188,435423,188,187
188,6386175,188,174
188,14620411,188,188
187,167124,187,187
187,187768,187,187
187,193952,187,187
187,209305,187,184
187,234516,187,184
187,257545,187,187
187,258978,187,187
187,266299,187,187
187,267764,187,184
187,312778,186,185
187,454407,187,184
187,541068,187,184
187,588878,187,186
187,4218368,187,187
187,4940200,187,187
187,8745919,187,186
187,8872951,187,187
187,37752832,2,2
186,170390,186,186
186,221131,186,186
186,386824,186,185
186,396094,186,184
186,613804,186,186
186,662387,186,186
186,737044,185,185
186,8745916,186,185
186,8845218,186,184
186,12940551,186,186
186,13314693,186,186
186,18691877,2,2
186,38287637,186,186
186,42593630,2,2
185,154923,185,184
185,247539,185,185
185,251888,185,185
185,295511,185,184
185,414169,185,183
185,429533,185,185
185,500545,185,185
185,505903,185,185
185,664129,185,185
185,1380626,185,185
185,9730705,185,185
185,20672858,185,185
185,30118164,185,185
184,6425,184,178
184,22008,184,171
184,165083,184,182
184,267450,183,183
184,267765,184,182
184,280771,184,184
184,284925,184,184
184,285530,184,184
184,490436,184,184
184,500498,184,184
184,544212,182,179
184,712667,183,183
184,739736,184,184
184,759199,179,175
184,865544,184,184
184,1146084,184,183
184,2105693,184,183
184,6268079,2,2
184,18710122,184,184
184,29854331,184,184
184,32442331,184,184
183,153255,183,183
183,176090,183,182
183,192275,183,178
183,193949,183,183
183,228149,183,182
183,276024,183,182
183,289863,180,180
183,423303,183,183
183,511919,183,183
183,584988,182,181
183,587769,183,182
183,1145604,183,183
183,1600729,183,183
183,1899038,183,183
183,2607243,183,183
183,3457409,183,183
183,4182606,183,181
183,15609540,183,182
183,15793449,183,183
183,36492753,183,182
183,42688498,183,183
182,22012,182,169
182,162967,181,180
182,258391,181,181
182,261516,182,182
182,420503,182,182
182,617174,181,180
182,799021,182,182
182,1302124,182,182
182,9592851,181,177
182,22360322,182,182
182,24735028,182,181
182,26982989,182,182
181,157958,181,181
181,165086,181,179
181,213144,181,181
181,253913,181,178
181,459700,178,178
181,601151,181,181
181,907291,181,181
181,15285346,181,181
181,20447283,181,181
181,20929028,181,181
181,30175112,181,181
181,38287639,181,179
180,191705,180,180
180,225089,180,180
180,708074,180,180
180,1072654,180,180
180,2610318,180,180
180,4548686,180,178
180,12594539,180,179
180,20461097,180,180
180,22194371,180,180
179,193654,178,177
179,204521,179,176
179,213736,179,179
179,356252,179,179
179,447196,179,179
179,802556,179,179
179,918712,178,178
179,1543515,179,179
179,5427896,179,179
179,5670251,179,179
179,13994412,179,178
179,31093891,179,179
178,22013,178,165
178,153562,178,174
178,162966,177,176
178,248268,178,178
178,867825,178,174
178,1561335,177,176
178,3457412,178,177
178,4574913,178,176
178,5652941,177,174
178,7550019,178,176
178,10265840,178,178
178,15925530,178,178
177,9398,177,174
177,177239,177,175
177,206871,177,177
177,617173,176,175
177,648050,177,177
177,652603,177,174
177,709475,177,176
177,1360748,177,176
177,1719101,177,177
177,2274838,177,177
177,2986507,177,175
177,3519304,177,176
176,16416,176,176
176,166168,176,173
176,258437,176,176
176,269041,176,175
176,279519,176,176
176,358689,176,176
176,429567,176,176
176,459849,176,175
176,464379,176,176
176,488265,176,173
176,489138,176,173
176,500520,176,176
176,1168030,176,175
176,2283199,176,174
176,2487118,176,176
176,2917764,176,173
176,8401792,176,176
176,13188085,176,176
176,23592860,176,176
176,25174516,176,176
176,36492760,176,176
175,165091,175,173
175,170443,175,175
175,171985,175,174
175,179889,170,165
175,204505,175,172
175,209149,175,175
175,246835,175,168
175,268682,175,175
175,271109,175,175
175,420728,175,175
175,580919,175,175
175,717832,175,172
175,738926,175,173
175,1292236,175,175
175,1594464,175,175
175,2275946,175,175
175,12920079,175,175
175,14132902,175,175
175,26316309,175,175
175,31616897,175,175
174,191697,173,171
174,224398,172,171
174,238169,174,173
174,257077,174,170
174,324660,174,174
174,329377,174,174
174,513940,174,173
174,742450,174,174
174,869298,174,174
174,1311509,174,174
174,2331400,174,174
174,3296747,2,2
174,4983094,174,174
174,6799171,174,167
174,22360323,174,174
173,76136,172,172
173,159729,173,169
173,175844,173,172
173,238166,173,170
173,239109,168,168
173,374420,173,173
173,386535,173,173
173,830931,173,173
173,846299,173,173
173,878003,173,173
173,2728481,173,171
173,10694126,173,171
173,13889096,173,173
173,13987894,173,173
173,14096751,173,172
173,24071649,172,172
172,170389,172,171
172,171858,172,165
172,185823,172,172
172,194088,172,172
172,224903,172,169
172,246823,172,165
172,288742,172,172
172,452382,172,172
172,617177,172,171
172,1133611,172,170
172,1713758,172,172
172,1801072,171,169
172,14971434,172,172
171,155574,171,169
171,166272,171,171
171,419163,171,171
171,460144,171,171
171,840114,171,171
171,3871210,171,171
171,7864381,171,171
171,11350491,170,166
171,12353588,171,171
171,15826193,171,171
170,7446,170,170
170,154920,170,169
170,165969,170,170
170,193493,170,170
170,249706,170,170
170,250333,170,169
170,255343,170,168
170,262578,170,170
170,268355,170,169
170,424021,170,169
170,534800,169,169
170,762301,170,168
170,1101447,170,170
170,4945644,170,170
170,7034747,170,170
170,9900826,170,168
170,15172853,170,169
170,25100969,170,167
169,167507,169,169
169,237010,169,169
169,303896,169,168
169,304914,169,166
169,537004,169,169
169,696843,169,167
169,950857,169,169
169,7438418,169,168
169,13119777,169,169
169,13812676,169,169
169,29998604,169,169
168,96523,168,168
168,185552,167,166
168,199619,168,168
168,222534,168,168
168,268363,168,168
168,276001,168,168
168,431359,168,168
168,478368,168,168
168,480069,168,168
168,534792,168,168
168,543027,163,163
168,573469,168,168
168,607497,168,168
168,758425,168,168
168,2270191,2,2
168,3410458,168,168
168,6135347,168,168
168,8222469,168,167
168,14991526,168,168
168,21881892,168,167
167,166159,167,162
167,183520,166,163
167,194712,167,167
167,281222,167,167
167,285532,167,167
167,346278,167,167
167,399105,167,162
167,403207,167,167
167,562878,167,167
167,638386,167,165
167,984898,167,167
167,1053611,167,166
167,4270798,167,167
167,8543266,5,5
167,11759804,167,167
167,31093886,167,165
167,32091703,167,167
166,171853,166,160
166,177617,166,166
166,209302,166,163
166,246843,166,160
166,252776,166,166
166,254328,166,166
166,257008,166,166
166,257555,166,166
166,269037,166,164
166,292124,166,165
166,362509,166,164
166,809195,166,166
166,4189493,166,165
166,4483229,166,166
166,12940561,166,164
166,13289796,165,165
166,14260219,166,166
166,14302480,166,164
166,14845815,166,166
166,14931517,166,166
166,14973232,166,166
166,18149083,166,165
165,152525,165,165
165,161709,165,165
165,186553,165,163
165,187770,165,165
165,249719,165,165
165,307657,165,165
165,361787,165,165
165,459340,165,165
165,617171,165,164
165,691024,165,165
165,1061179,165,165
165,1072641,165,165
165,1132750,165,165
165,1312531,165,165
165,1741886,165,165
165,3982290,3,3
165,5965907,164,163
165,38921630,165,165
164,161710,164,164
164,171860,164,155
164,172335,164,164
164,224138,164,164
164,257011,163,163
164,268370,164,163
164,385822,164,164
164,431357,164,164
164,1386454,162,162
164,1479667,163,163
164,4505982,164,164
164,6896777,163,162
164,13294857,164,164
164,17451268,164,164
164,19743877,163,163
164,31060531,164,163
163,22011,163,150
163,204508,163,162
163,224397,163,163
163,234722,163,160
163,254321,163,162
163,256366,163,163
163,274356,163,163
163,694396,163,162
163,871747,163,163
163,903423,163,163
163,923668,163,163
163,1002313,162,162
163,1302649,163,163
163,1361925,163,163
163,3254497,2,2
163,3453720,163,163
163,7132861,163,162
163,10515058,163,163
163,11198764,163,163
163,12940549,163,163
163,14357338,163,163
163,15802478,163,162
163,18023156,163,163
163,18630488,163,162
163,20043194,163,163
162,153476,162,162
162,195129,162,161
162,204334,162,162
162,243233,161,160
162,302876,162,161
162,342846,162,162
162,429930,162,161
162,541071,161,158
162,580922,162,162
162,597262,162,161
162,621222,162,162
162,874002,162,162
162,1072144,162,162
162,1103758,162,162
162,1646720,162,162
162,1787034,162,162
162,4471020,162,162
162,8776994,162,162
162,14845808,162,161
162,18994279,162,162
162,19502676,162,161
162,20837465,162,162
162,41528615,22,22
161,152530,161,160
161,204387,161,160
161,223184,161,157
161,247585,161,161
161,262675,161,161
161,276254,161,159
161,389207,161,160
161,741639,160,159
161,782209,159,159
161,1535475,161,161
161,1829732,161,161
161,1966967,161,161
161,1999469,161,161
161,2094903,161,159
161,2728492,161,161
161,4697868,161,161
161,11087606,160,159
161,11090478,161,161
161,12940545,161,157
161,20129219,160,160
161,36405075,161,161
160,161395,159,159
160,171861,160,154
160,176127,159,157
160,187766,160,160
160,253426,160,160
160,274094,160,159
160,274229,160,160
160,295058,160,160
160,437572,160,159
160,536949,160,160
160,637380,160,159
160,745440,159,158
160,1698639,160,160
160,1978522,2,2
160,3198760,160,160
160,3265580,160,160
160,4834829,160,158
160,5092409,159,159
160,6080793,160,160
160,11304398,160,160
160,15098159,160,160
160,17760663,160,160
160,24181335,160,160
159,161432,159,158
159,165258,159,159
159,198365,159,148
159,207171,159,158
159,330052,159,159
159,646746,159,159
159,694513,159,159
159,846648,159,159
159,2357688,158,158
159,2941870,159,158
159,5699614,159,159
159,14124917,153,153
158,214016,156,153
158,225097,158,158
158,263109,158,158
158,265581,158,158
158,268369,157,156
158,274205,158,158
158,277371,158,157
158,389768,158,158
158,447754,158,158
158,557263,158,157
158,765060,158,158
158,840117,158,158
158,918716,158,158
158,963814,158,158
158,1044129,2,2
158,1324763,158,148
158,1409198,158,157
158,2601260,158,158
158,4201655,158,158
158,6188656,158,158
158,7011493,158,158
158,7177562,158,158
158,8018739,158,158
158,12282298,157,157
158,13119776,158,158
158,14815621,158,158
158,18367442,158,158
158,20796166,158,157
158,21379223,158,158
158,23018775,158,156
158,23249475,158,158
158,42756649,158,157
158,46750946,157,157
157,167514,156,156
157,190942,157,157
157,257078,157,153
157,288747,152,152
157,323763,157,157
157,363036,157,157
157,392485,157,157
157,396093,156,155
157,437575,157,156
157,827115,157,157
157,1058302,157,157
157,2165102,156,149
157,6039996,156,153
157,12320726,156,155
157,24260746,157,154
157,25100973,157,156
157,26016038,157,157
157,37252027,157,157
156,6334,156,156
156,162694,156,156
156,166290,156,156
156,239060,156,155
156,334517,156,156
156,588997,156,156
156,594396,155,154
156,676846,156,156
156,772743,156,156
156,3267585,156,155
156,6047585,2,2
156,6135342,156,156
156,6510271,156,156
156,7471283,155,154
156,10678365,156,156
156,22422261,44,44
155,165857,154,153
155,171855,155,149
155,204371,155,155
155,209101,155,155
155,226579,154,154
155,262575,155,155
155,284606,155,154
155,333213,155,154
155,349909,155,155
155,358474,155,155
155,431811,155,153
155,437504,155,155
155,481363,155,155
155,536998,148,148
155,749727,155,155
155,1620488,155,155
155,2576976,155,155
155,4330799,155,153
155,6008172,155,155
155,7784773,155,155
155,8299264,155,155
155,12321292,155,154
155,27640980,155,155
154,151129,154,154
154,153731,154,147
154,160873,154,154
154,171859,154,148
154,189459,154,154
154,234710,154,143
154,308137,153,153
154,390300,154,154
154,541073,154,151
154,602652,153,153
154,996087,154,154
154,1371199,154,154
154,1805468,154,154
154,2668530,153,152
154,3012740,150,149
154,3047677,154,154
154,3736812,154,154
154,3871223,154,154
154,6519715,154,152
154,7162155,154,153
154,8598263,150,149
154,15215481,154,149
154,20508807,154,154
154,22180495,154,154
153,165092,153,151
153,171856,153,147
153,176093,152,149
153,177449,153,153
153,180621,153,153
153,212595,153,151
153,215506,153,153
153,270797,153,153
153,288737,153,153
153,312779,153,152
153,327815,153,152
153,381543,153,153
153,392484,153,153
153,1215977,153,153
153,1566501,153,151
153,2144893,153,153
153,4030274,153,153
153,5487884,2,2
153,7016777,152,151
153,7738226,153,153
153,8789525,153,152
153,13254134,153,153
153,18415557,153,148
153,18484662,153,153
153,25691484,153,151
153,31616891,153,153
152,22009,152,139
152,112945,152,152
152,153131,152,151
152,162973,151,150
152,165488,152,150
152,167277,152,152
152,180787,152,151
152,228007,152,151
152,234705,152,148
152,239133,152,152
152,247583,152,151
152,257809,152,150
152,317240,152,152
152,480893,152,152
152,611752,152,149
152,633977,152,152
152,872458,152,149
152,905648,152,152
152,1231300,152,152
152,2119786,4,4
152,4657728,152,152
152,5177971,152,151
152,17500491,152,149
152,18118217,152,152
152,18367443,152,151
152,18724154,151,148
152,21440499,152,152
152,31266522,152,152
151,156654,151,151
151,171854,151,145
151,171857,151,145
151,198360,151,141
151,212545,151,151
151,249240,151,151
151,266565,151,151
151,305437,151,151
151,318223,151,151
151,321336,151,151
151,412089,151,151
151,448617,151,149
151,805739,151,151
151,814788,150,149
151,1292240,151,151
151,3575863,151,151
151,3581533,151,151
151,6033988,151,151
151,8240405,151,151
151,10700312,151,150
151,13060503,151,151
151,13926102,150,150
151,14577856,151,151
151,22228362,151,151
150,151121,150,150
150,159730,149,145
150,177624,150,150
150,209099,138,137
150,293436,150,149
150,293981,150,150
150,303897,149,148
150,311921,150,150
150,334512,150,145
150,366898,150,149
150,581595,150,150
150,604434,150,150
150,631214,150,150
150,660132,150,150
150,709478,150,150
150,772673,150,149
150,789167,150,150
150,986714,150,150
150,1568011,149,149
150,1661275,150,150
150,3371763,150,148
150,7145807,150,150
150,8652840,150,141
150,22214542,149,149
150,24830958,150,149
150,27493734,150,150
149,20251,149,141
149,22010,149,136
149,153240,149,149
149,153811,149,146
149,179434,149,149
149,211964,149,149
149,219271,149,147
149,226713,147,146
149,246833,148,129
149,249238,149,149
149,268364,149,148
149,274223,149,149
149,328872,149,149
149,422735,149,149
149,479312,149,149
149,550648,149,149
149,1220812,149,148
149,3710521,149,148
149,4367049,149,149
149,4633564,149,149
149,9709549,149,149
149,12377409,149,149
149,16215946,149,149
149,18754644,149,149
149,20974415,149,149
149,26448404,149,149
149,27707733,147,146
149,29587474,2,2
149,30762501,149,148
148,20316,148,148
148,192273,148,143
148,239135,143,143
148,307654,148,148
148,456527,147,147
148,541070,148,145
148,828191,148,148
148,959028,2,2
148,1101205,148,148
148,1250498,148,148
148,1699390,148,148
148,1708802,2,2
148,2092262,148,145
148,2138868,148,148
148,4542162,2,2
148,9489412,148,148
148,11172380,148,148
148,24036613,148,147
148,30287782,148,148
147,164315,147,146
147,171852,147,141
147,175846,147,147
147,241788,147,147
147,255280,147,146
147,256371,147,147
147,258485,147,146
147,276256,147,145
147,297624,147,146
147,308207,147,147
147,316658,147,146
147,437976,147,147
147,510066,147,147
147,541069,147,144
147,604308,147,147
147,638380,147,145
147,829223,146,145
147,1053272,147,147
147,1472398,147,147
147,1998590,147,147
147,2553996,147,147
147,2983276,147,145
147,7020767,147,140
147,8598260,145,145
147,9154019,147,146
147,16413392,147,147
147,26721110,147,147
147,43532421,147,143
146,62855,146,145
146,95546,146,146
146,176132,146,144
146,193202,146,144
146,193649,146,145
146,212593,146,144
146,214256,146,146
146,255437,146,146
146,256357,146,146
146,260567,146,143
146,262678,146,146
146,265690,146,146
146,296053,146,144
146,456019,145,145
146,536999,145,145
146,583908,146,146
146,596656,146,146
146,710449,146,145
146,825006,144,140
146,1112351,146,146
146,1274387,146,146
146,1614086,146,146
146,2254607,146,146
146,8125338,145,145
146,14155389,146,145
146,15452962,146,146
146,15676246,146,146
146,20796169,146,146
146,21765812,146,146
146,29386862,146,146
145,207413,145,144
145,209301,145,142
145,211961,145,145
145,221133,145,145
145,273158,145,141
145,303895,143,142
145,311059,145,145
145,312783,145,144
145,314281,144,144
145,322987,145,144
145,335364,145,143
145,358245,145,145
145,376115,145,145
145,389480,145,145
145,431694,145,145
145,541072,145,142
145,544049,145,143
145,560812,145,144
145,813212,145,144
145,1027231,145,145
145,1039254,145,145
145,1074759,145,145
145,2294666,145,145
145,7384781,145,144
145,8634882,145,145
144,170395,144,143
144,176091,143,141
144,194087,144,144
144,206897,144,143
144,207304,144,144
144,209985,144,141
144,211962,144,144
144,211965,144,144
144,238538,144,143
144,239111,143,143
144,239384,144,144
144,244100,144,144
144,1121885,144,144
144,1260521,144,144
144,1417346,144,144
144,1824490,144,144
144,6059042,144,143
144,6952851,144,142
144,9169528,144,143
144,10694118,144,141
144,11350649,144,144
144,13900545,144,144
144,14845820,144,144
144,15080913,144,143
144,16256336,144,144
144,17250951,144,144
144,19830111,144,144
144,45912422,1,1
143,161092,143,143
143,162931,142,141
143,163057,143,143
143,164313,143,142
143,182469,143,134
143,194091,143,143
143,194092,143,143
143,211963,143,143
143,219279,143,143
143,239134,142,142
143,241829,143,143
143,245451,143,135
143,262571,117,113
143,269112,143,137
143,467643,143,141
143,474640,143,143
143,627548,143,143
143,646753,143,143
143,918834,143,143
143,938550,138,138
143,1083080,143,143
143,1161998,143,140
143,1190302,143,142
143,2060911,143,143
143,2863633,10,10
143,3126247,143,142
143,5904786,143,143
143,6113915,143,143
143,7582667,143,141
143,7900995,143,143
143,9456170,143,143
143,11184683,143,143
143,13964664,143,141
143,14523230,142,142
143,14931519,142,142
143,25124488,143,143
143,38287650,143,143
142,11748,142,142
142,20250,142,133
142,21357,142,142
142,165089,142,140
142,210719,142,140
142,234712,142,135
142,410561,141,141
142,651944,142,142
142,983084,142,142
142,1157370,142,142
142,1381176,142,141
142,1401927,142,140
142,1484367,142,142
142,2164745,142,142
142,2166303,142,142
142,2789228,142,142
142,9709552,142,142
142,14415715,142,141
142,15273312,142,142
142,15493775,142,137
142,26888942,142,142
141,20249,140,136
141,62864,139,138
141,153127,141,140
141,167799,141,141
141,222302,141,141
141,248794,141,140
141,250912,141,138
141,256225,141,140
141,265633,141,141
141,276100,141,139
141,276250,141,139
141,311159,141,141
141,311912,141,141
141,437571,141,140
141,456021,140,140
141,624069,141,141
141,672079,141,139
141,693950,141,141
141,819670,141,141
141,1078298,141,141
141,1133605,141,140
141,1166483,141,141
141,3297249,141,141
141,6698218,141,141
141,8401352,141,141
141,9256562,141,141
141,16477669,141,141
141,25528549,141,141
141,28644073,141,141
141,32222598,141,140
140,46408,140,140
140,160158,140,140
140,169735,140,139
140,232005,140,140
140,264032,140,139
140,265137,140,140
140,267842,140,140
140,268678,140,140
140,295780,140,139
140,308304,138,138
140,430770,139,139
140,456023,139,139
140,552835,140,139
140,570997,140,140
140,1049817,140,139
140,1518292,140,140
140,4626903,140,140
140,8182888,140,140
140,8978925,140,140
140,10163120,3,3
140,14509427,140,140
140,14931518,140,140
140,17262726,140,138
140,25039428,2,2
140,26888938,140,140
139,20252,139,135
139,95390,139,139
139,153126,139,138
139,155572,139,136
139,176129,139,137
139,185464,139,136
139,186552,139,137
139,191627,139,139
139,192855,139,139
139,214162,139,139
139,224772,139,138
139,252578,139,139
139,254501,139,136
139,280610,139,139
139,286017,139,139
139,293439,139,138
139,340624,139,139
139,426519,139,132
139,453183,139,139
139,456022,138,138
139,491640,139,138
139,560303,139,139
139,693297,139,139
139,1132733,139,139
139,1143071,139,139
139,1301509,139,138
139,1623473,139,139
139,1946740,139,139
139,2165090,138,134
139,3559960,139,139
139,9937324,139,139
139,13362525,139,139
139,26888941,139,139
139,37836242,139,139
138,21126,138,137
138,162968,138,137
138,163269,138,138
138,179964,138,137
138,192274,138,133
138,193642,138,137
138,207612,137,137
138,207741,138,133
138,222591,138,134
138,255551,138,135
138,273162,138,138
138,277819,138,137
138,307664,138,136
138,420818,138,138
138,433177,138,138
138,449252,138,138
138,453866,138,138
138,756230,138,138
138,915650,138,138
138,2203604,138,138
138,2238968,138,138
138,3090591,134,134
138,4367057,138,138
138,4815586,138,138
138,6385209,138,138
138,6710416,138,138
138,7506615,138,138
138,8728467,138,138
138,9153904,138,138
138,10183297,138,138
138,14100706,136,136
138,16285922,138,138
138,17421199,138,138
138,20360954,138,138
138,37836241,138,138
137,10788,137,136
137,11698,137,136
137,167275,137,137
137,176097,137,137
137,194173,137,137
137,222291,137,137
137,254326,137,137
137,379236,137,134
137,418789,137,137
137,434229,136,135
137,547909,137,136
137,565943,137,137
137,649750,137,137
137,1176395,137,137
137,1255364,137,137
137,1308087,137,136
137,1329363,136,136
137,2003907,137,137
137,2038304,137,135
137,2195543,137,137
137,3381907,137,137
137,6987964,137,137
137,8686127,137,135
137,26316314,137,137
137,37072921,137,137
136,165984,136,136
136,187619,136,136
136,222865,136,136
136,276026,136,136
136,281274,136,134
136,289104,136,136
136,293194,136,136
136,317048,136,136
136,392003,136,136
136,437585,136,133
136,581245,136,136
136,624655,135,133
136,635644,133,132
136,673714,136,136
136,791614,136,135
136,973326,136,136
136,1634485,136,135
136,2490875,136,136
136,5962436,136,136
136,6784170,136,136
136,8598259,134,133
136,8796503,136,135
136,9752707,136,136
136,12342435,136,136
136,18828836,136,136
136,19033013,136,136
136,23018791,136,133
136,23018826,136,134
136,38287641,136,136
135,11921,135,132
135,20253,135,131
135,21349,135,135
135,152841,135,135
135,153132,135,134
135,153588,135,132
135,153733,135,130
135,161065,135,134
135,170439,135,135
135,179903,135,129
135,185097,135,129
135,189990,135,135
135,214021,135,130
135,225096,135,135
135,252382,135,135
135,318506,134,133
135,434341,135,134
135,572955,135,135
135,592024,135,135
135,1215989,135,135
135,4414844,135,135
135,5682003,127,127
135,5738609,135,135
135,7623239,135,135
135,8025399,135,135
135,13313150,135,135
135,17225963,135,135
135,21881894,135,134
135,36170200,135,135
135,36492764,135,135
135,38697142,135,135
134,162970,134,132
134,172348,134,132
134,179902,134,128
134,179957,134,133
134,181011,134,133
134,193648,134,133
134,219457,132,131
134,221129,134,134
134,225093,134,134
134,232777,134,127
134,251300,134,134
134,251308,134,134
134,262574,134,134
134,277435,134,131
134,286115,134,131
134,291693,134,134
134,322254,134,134
134,357711,134,125
134,502108,134,134
134,570768,134,134
134,685713,134,128
134,741046,134,134
134,1034734,134,134
134,1406167,134,134
134,2292554,134,134
134,6049943,134,134
134,8399110,134,134
134,10316087,134,133
134,12985457,134,133
134,15618879,134,134
134,16868056,134,134
134,18433858,134,134
134,24118975,134,134
134,25464634,2,2
134,26257845,134,134
134,29660109,134,132
134,30118168,132,132
134,37162228,134,134
133,62857,133,132
133,153251,133,133
133,155573,133,131
133,161704,133,133
133,185556,132,131
133,186946,133,133
133,191707,133,133
133,248795,133,133
133,278859,133,132
133,490607,132,132
133,490608,132,132
133,500533,132,132
133,521732,132,132
133,597962,133,133
133,649908,133,133
133,694522,133,133
133,769110,133,133
133,2222822,133,133
133,2771557,133,132
133,3736826,133,133
133,4247254,133,132
133,15957379,133,133
133,17439917,133,133
133,30095084,133,133
133,34884833,133,132
132,165962,132,130
132,171464,131,129
132,204516,132,132
132,251126,132,130
132,262027,132,132
132,276149,132,132
132,324714,130,129
132,437587,132,132
132,456025,132,132
132,458795,132,130
132,539786,132,130
132,564219,132,132
132,645369,132,132
132,686866,132,132
132,768893,132,132
132,1025210,132,127
132,1115604,132,132
132,1662475,132,131
132,2085462,131,131
132,3786624,132,129
132,4285277,129,129
132,6737906,2,2
132,8510895,132,132
132,13188086,132,132
132,26862835,132,131
131,3322,131,126
131,159726,131,128
131,185817,131,131
131,187562,131,128
131,232887,131,131
131,255439,131,130
131,271528,131,130
131,386280,131,130
131,459343,131,131
131,469574,131,131
131,524113,131,131
131,559198,131,130
131,561895,131,131
131,711029,129,129
131,802565,131,131
131,965774,131,131
131,2484478,131,131
131,2496112,131,131
131,12667110,130,130
131,13188083,131,131
131,20284005,131,131
131,23630377,131,129
130,153816,130,127
130,164319,130,129
130,179563,130,128
130,187540,130,129
130,198630,130,130
130,211638,130,130
130,247078,130,128
130,250630,130,130
130,256168,130,130
130,265928,130,130
130,270012,130,130
130,288112,130,127
130,308354,130,130
130,314083,130,130
130,423872,130,130
130,429651,130,130
130,433201,130,128
130,453850,130,130
130,502106,128,128
130,525060,130,129
130,700067,130,130
130,1133562,130,129
130,1585156,130,130
130,1632227,130,130
130,4964423,130,130
130,7550023,130,128
130,9397296,130,130
130,10417943,130,130
130,12851139,130,130
130,13119778,130,130
130,13761339,130,129
130,14011079,130,130
130,14100702,130,130
130,21475357,130,130
130,23512674,130,130
129,6686,129,127
129,154927,129,128
129,161994,129,129
129,183519,129,126
129,270572,129,129
129,322640,129,129
129,345602,129,129
129,350439,129,129
129,378662,129,125
129,392486,129,129
129,420506,129,129
129,430427,126,126
129,573457,129,129
129,625640,129,129
129,1124915,129,129
129,1599163,129,129
129,2771559,129,128
129,3484314,129,128
129,5650428,129,128
129,6083133,126,126
129,6412288,129,129
129,8596992,129,129
129,8598258,129,128
129,8853200,129,129
129,8904523,129,129
129,11208020,128,128
129,13908683,129,128
129,14415716,129,128
128,162337,128,128
128,162926,127,125
128,191792,128,128
128,224259,128,127
128,242399,128,128
128,249716,128,128
128,257099,128,127
128,262683,128,128
128,265762,128,128
128,320278,128,127
128,388178,128,127
128,404556,128,128
128,441267,128,127
128,459304,128,128
128,547158,128,128
128,602014,128,128
128,615032,126,126
128,711043,128,127
128,711776,128,128
128,746538,128,128
128,783293,128,128
128,1048870,128,128
128,1072680,128,128
128,1251079,128,128
128,3297244,128,128
128,3343866,128,128
128,4288766,127,124
128,5475915,128,125
128,8224924,128,126
128,8399156,128,128
128,9290277,128,128
128,11117772,128,128
128,11127230,128,128
128,12502055,127,127
128,17611372,128,128
128,22017180,128,128
128,27296344,128,128
128,44894645,128,128
127,160074,126,124
127,182797,127,127
127,185566,126,126
127,214024,127,124
127,214167,127,127
127,251200,127,121
127,254594,127,127
127,276251,127,125
127,322632,127,127
127,322633,127,127
127,322634,127,127
127,322637,127,127
127,322641,127,127
127,326744,127,127
127,343952,127,127
127,359111,125,124
127,390669,127,127
127,424249,127,127
127,471382,127,127
127,546522,125,125
127,657570,127,127
127,1476770,127,127
127,1819172,127,127
127,1998589,127,127
127,2299999,127,127
127,2337109,127,127
127,3975537,127,127
127,6377526,127,124
127,8172939,127,127
127,8399124,127,127
127,8598262,127,126
127,9867904,127,127
127,13188080,127,127
127,15816110,127,127
127,16137172,127,127
127,19042217,127,127
127,19622003,127,125
126,160083,125,124
126,161387,126,126
126,176133,126,123
126,179566,126,124
126,222301,126,126
126,222875,126,126
126,248282,126,126
126,262277,126,126
126,268600,126,124
126,276258,126,124
126,276259,126,124
126,322638,126,126
126,390385,126,126
126,468118,126,126
126,471383,126,126
126,487682,126,125
126,573458,126,126
126,619952,2,2
126,717828,126,126
126,870353,126,126
126,926891,126,126
126,1264804,126,126
126,1826256,126,126
126,2419426,126,126
126,2686682,126,126
126,2761999,126,126
126,2983592,126,126
126,4617857,126,126
126,6385770,126,126
126,7127704,126,126
126,11404127,126,126
126,13595286,126,126
126,14024966,124,124
126,38543124,1,1
126,38543125,1,1
126,38543126,1,1
126,38543134,1,1
126,38543135,1,1
126,38543137,1,1
126,38543138,1,1
125,109679,125,124
125,187882,6,6
125,199438,125,125
125,220710,125,125
125,225169,125,123
125,262224,125,125
125,285143,125,120
125,305489,125,125
125,378060,125,125
125,559197,125,124
125,576687,125,125
125,632830,125,125
125,642368,125,125
125,672083,125,125
125,689571,125,125
125,779579,125,125
125,891045,125,125
125,1168630,124,124
125,1304654,125,125
125,1324762,125,124
125,1875674,125,125
125,1914486,125,125
125,2144812,122,122
125,2720331,125,125
125,3964127,125,125
125,4300239,125,125
125,5746046,5,5
125,6316846,125,125
125,8598270,125,124
125,10146990,125,122
125,13188079,125,125
125,13188082,125,125
125,38543139,1,1
125,43532412,125,123
125,45327092,124,124
124,95533,124,124
124,156610,124,124
124,166265,124,124
124,191267,124,119
124,191361,123,123
124,209741,124,124
124,212548,124,124
124,235057,124,124
124,251118,124,123
124,257081,124,120
124,266379,124,123
124,276885,124,123
124,295068,124,124
124,329375,124,124
124,420133,123,123
124,467655,124,122
124,500472,124,124
124,561826,124,122
124,575224,124,124
124,596387,124,124
124,796004,124,124
124,830435,124,124
124,971304,124,124
124,1095385,124,124
124,1111918,124,124
124,1294404,124,124
124,1546315,124,124
124,3333204,124,124
124,3852964,124,98
124,4065706,124,124
124,4627743,124,124
124,4718690,124,124
124,5462653,124,124
124,5877487,124,124
124,6393392,124,124
124,8090789,124,124
124,9913927,124,123
124,12600226,124,124
124,14523267,123,123
124,17281853,124,124
124,18405089,124,124
124,20644047,121,121
124,22060526,124,124
124,22147863,124,124
123,222785,123,122
123,249167,123,123
123,273165,123,122
123,295291,123,123
123,312804,123,121
123,337586,123,123
123,547160,123,123
123,553045,122,122
123,560809,123,122
123,619871,123,121
123,661258,123,122
123,678495,123,123
123,706096,123,123
123,708111,123,123
123,731333,123,123
123,827372,123,123
123,1130025,123,119
123,2346981,123,121
123,4142672,123,123
123,5194635,123,123
123,6959526,123,123
123,12793526,123,123
123,17529555,123,123
123,25892838,123,123
123,26599018,123,122
122,11696,121,118
122,159453,122,122
122,170386,122,122
122,178321,122,121
122,183821,122,122
122,183850,122,122
122,187839,122,122
122,204355,122,122
122,225584,122,122
122,241819,122,122
122,251307,122,122
122,256163,122,122
122,260577,122,122
122,272989,122,122
122,276665,122,122
122,277492,122,121
122,440034,122,121
122,459851,122,121
122,525066,122,120
122,525135,122,121
122,841936,122,122
122,907782,122,122
122,911580,122,122
122,1071167,122,122
122,1092490,122,122
122,2105868,121,120
122,2906907,122,122
122,3977381,122,121
122,6341913,122,122
122,6600615,122,122
122,6626751,122,122
122,10141217,122,122
122,12298488,121,121
122,12487721,122,121
122,15233323,122,122
122,17090791,121,121
122,32442350,122,122
121,153137,121,120
121,167282,121,121
121,209398,121,120
121,252823,121,120
121,266297,121,121
121,266882,121,121
121,268001,121,121
121,277551,121,121
121,374002,120,120
121,386611,121,121
121,415561,121,120
121,422036,121,121
121,564436,121,121
121,897060,121,121
121,1005054,120,120
121,1063745,121,121
121,1190161,121,121
121,1738598,121,121
121,2024342,119,119
121,2477441,121,121
121,2986680,121,121
121,6557608,118,118
121,6973570,121,119
121,8133713,121,121
121,8598268,121,120
121,12591989,121,121
121,15493872,121,121
121,17036479,121,121
121,21830816,121,121
121,22105092,121,121
120,21350,120,120
120,162698,120,120
120,162972,120,119
120,176871,120,120
120,177623,120,119
120,185564,119,119
120,190994,120,120
120,194178,120,120
120,228146,120,119
120,257805,120,119
120,257858,120,120
120,341334,120,120
120,390188,120,120
120,420725,120,120
120,564223,120,120
120,883331,119,119
120,3803312,119,119
120,4367060,120,120
120,4586186,118,116
120,5285350,120,120
120,7442257,120,120
120,8598266,120,119
120,8598269,120,119
120,12848123,120,120
120,13388707,120,119
120,18388371,120,118
120,20433312,120,120
120,30793982,120,120
120,39265718,120,120
120,43532414,120,120
119,18919,119,119
119,75948,119,119
119,160246,118,118
119,163062,119,119
119,165836,119,119
119,179565,119,117
119,237011,119,119
119,249239,119,119
119,251302,119,119
119,271863,119,116
119,286119,118,117
119,342769,119,119
119,370575,118,117
119,380316,119,117
119,385777,119,119
119,407944,119,119
119,442553,119,119
119,453170,119,119
119,515404,119,117
119,530173,119,119
119,533759,119,119
119,537001,119,119
119,561892,119,119
119,599423,119,119
119,673282,119,119
119,678508,119,118
119,736383,118,118
119,831168,119,119
119,914970,119,119
119,1361380,119,119
119,2815976,119,119
119,3315205,118,116
119,3371760,119,119
119,4414853,119,119
119,4560701,119,119
119,5265966,119,119
119,5965952,118,116
119,7608673,119,117
119,8173839,119,119
119,8399189,119,119
119,8598264,119,118
119,9746329,119,119
119,10194382,119,119
119,10702415,117,117
119,13141258,119,119
119,14824756,119,119
119,16146484,119,119
119,20812896,119,119
119,26282130,119,119
119,27308618,119,119
118,11697,118,117
118,154924,118,118
118,199448,118,118
118,208156,117,116
118,224252,118,117
118,234719,118,109
118,239138,118,117
118,247563,118,118
118,272536,118,105
118,272537,118,105
118,273307,118,118
118,294997,118,118
118,307609,118,118
118,416930,118,118
118,444400,118,118
118,593362,118,118
118,618287,118,116
118,739416,118,118
118,938547,117,117
118,1143067,118,118
118,1534000,118,118
118,1593572,118,117
118,2919448,118,118
118,3197639,118,118
118,3758755,118,118
118,4367059,118,118
118,4704054,118,117
118,8598261,118,117
118,10328277,118,118
118,12042356,118,118
118,16985166,118,118
118,19102445,2,2
118,22105019,118,118
118,30255032,118,117
118,32382745,118,118
118,32442323,118,117
118,38533817,1,1
117,165485,117,116
117,166368,117,116
117,183518,117,114
117,191273,117,116
117,191279,117,113
117,221521,115,115
117,226354,117,117
117,230673,117,117
117,235048,117,117
117,239149,117,117
117,251303,116,116
117,264270,117,117
117,267433,117,117
117,291641,117,117
117,315541,107,106
117,326270,117,117
117,386382,117,116
117,430320,117,117
117,436157,117,117
117,441273,117,117
117,457598,117,116
117,500477,117,117
117,500550,117,117
117,508686,117,114
117,561891,117,117
117,641058,117,117
117,658146,116,116
117,674782,117,117
117,688569,117,117
117,726954,117,117
117,825344,117,116
117,893695,117,117
117,899117,117,117
117,1065457,117,117
117,1144093,117,117
117,1212317,117,117
117,1644641,117,117
117,1919680,117,117
117,2330547,117,116
117,2464614,116,116
117,2594752,117,117
117,4270810,116,116
117,4299318,117,117
117,4414854,117,117
117,4442271,117,117
117,4502619,117,117
117,5549950,117,117
117,6207424,117,117
117,8634883,117,117
117,8967481,117,117
117,9470394,117,117
117,10506431,117,117
117,14100700,117,117
117,15048761,117,117
117,15961874,117,117
117,16516705,116,116
117,16961423,117,117
117,26246357,117,117
117,26973945,117,115
117,27308609,116,116
117,46109604,117,117
116,9488,116,116
116,45447,116,116
116,163060,116,116
116,171862,116,109
116,172483,116,114
116,192317,116,116
116,252774,116,116
116,254264,115,115
116,254774,116,114
116,265763,116,116
116,303552,116,115
116,307960,116,116
116,308333,116,116
116,381263,116,115
116,455090,116,116
116,459847,116,116
116,469115,116,116
116,497637,116,116
116,561890,115,115
116,561893,114,114
116,602037,116,116
116,691207,114,114
116,774983,116,116
116,1292286,116,116
116,1981006,116,116
116,2272427,116,115
116,2328421,116,116
116,2553994,116,116
116,3645507,116,116
116,3932054,115,114
116,5643162,116,115
116,6548169,116,116
116,7416568,116,116
116,8399188,116,116
116,10357697,116,116
116,10853411,116,116
116,13197138,116,116
116,13320308,116,102
116,15038304,116,116
116,17143905,116,116
116,17971150,116,116
116,19901371,116,115
116,26282127,116,116
116,26973974,116,116
116,27038721,116,115
116,34452108,116,116
115,160081,114,112
115,165493,115,114
115,185228,115,115
115,189220,115,115
115,193498,115,114
115,231701,115,115
115,239553,115,115
115,252577,115,115
115,260450,115,114
115,263101,115,115
115,274295,115,111
115,275510,115,113
115,283784,115,115
115,305023,115,115
115,307500,115,115
115,332056,115,115
115,332269,115,115
115,387975,115,115
115,435841,115,115
115,453488,115,115
115,453794,115,115
115,467660,114,114
115,497045,115,115
115,543029,115,115
115,561894,115,115
115,595103,115,115
115,627192,115,115
115,679627,115,115
115,687160,115,113
115,800863,115,115
115,818650,115,115
115,982349,3,3
115,1072673,115,114
115,1075099,115,115
115,1108079,115,115
115,1168643,115,114
115,1323166,115,115
115,1408410,115,110
115,1427722,115,115
115,1528886,115,115
115,1997038,115,115
115,2020059,115,115
115,2106343,115,115
115,2990447,115,115
115,4414773,115,115
115,4414848,115,115
115,6007909,115,115
115,8212267,115,114
115,8399130,115,115
115,11187602,115,114
115,12772301,115,115
115,13786026,115,115
115,14214996,115,115
115,14593992,115,113
115,19271289,115,115
115,24991483,115,115
115,32222599,115,115
115,34200419,115,115
115,36492754,115,115
114,53602,114,114
114,160293,110,110
114,165074,114,114
114,165492,114,113
114,167284,114,114
114,214257,114,114
114,224269,114,106
114,246826,114,107
114,252583,114,114
114,254325,114,114
114,254331,114,114
114,259198,113,112
114,263336,114,114
114,312797,114,113
114,345538,114,114
114,374029,114,113
114,390308,114,114
114,453233,114,114
114,473100,114,114
114,565950,114,114
114,591726,114,113
114,620188,114,114
114,637660,112,110
114,795992,112,110
114,982985,114,114
114,1088644,114,114
114,1160215,114,114
114,1560314,114,114
114,1661276,114,114
114,1891249,2,2
114,2320987,114,111
114,2470660,114,114
114,3577122,114,114
114,4504523,114,114
114,6726246,2,2
114,7530343,109,109
114,8399126,114,114
114,11357524,114,114
114,11513038,114,105
114,12661414,114,114
114,13038808,114,111
114,14059611,114,114
114,20021294,114,114
114,21081980,113,111
114,21404046,114,114
114,21602044,114,114
114,24267533,114,114
114,25816208,114,114
114,29017513,114,114
113,152917,112,110
113,171465,112,110
113,179966,113,112
113,184995,113,113
113,185553,113,112
113,194181,113,113
113,227629,113,111
113,246840,113,111
113,249699,113,113
113,251125,112,111
113,251305,113,113
113,260574,113,112
113,262031,113,113
113,262527,113,113
113,265404,113,110
113,270927,113,109
113,272986,113,113
113,363028,113,113
113,396165,112,112
113,398120,113,113
113,488856,113,112
113,537006,112,112
113,561050,113,113
113,636979,112,112
113,836753,113,113
113,1015600,113,113
113,1129960,113,112
113,1365670,113,113
113,1445773,113,113
113,1449461,113,113
113,1484002,113,113
113,1489858,113,113
113,1688553,113,113
113,4073860,113,113
113,4164811,113,111
113,4482343,113,112
113,4780878,112,112
113,5681962,111,111
113,6735251,113,113
113,8598265,113,112
113,13356689,113,97
113,13730388,113,99
113,14100699,113,113
113,15925317,113,113
113,20850960,113,113
113,23801508,113,113
113,26246356,113,113
113,28356116,113,112
113,35305654,113,113
112,153810,112,110
112,164031,112,112
112,166108,112,112
112,180474,111,111
112,194184,112,112
112,219637,112,112
112,221141,112,111
112,246831,112,109
112,253790,112,112
112,260863,112,112
112,267224,112,111
112,286488,112,111
112,290576,112,110
112,312457,112,111
112,332751,112,112
112,410562,111,111
112,430425,112,112
112,430765,112,112
112,544050,112,111
112,649906,112,110
112,716337,112,112
112,773768,112,111
112,844602,112,112
112,899687,112,112
112,961311,112,110
112,996746,112,112
112,1072681,112,112
112,1132749,112,112
112,1271079,112,112
112,1390084,2,2
112,1392246,111,111
112,2919444,112,112
112,2939574,112,111
112,3061415,112,112
112,3568775,2,2
112,4027201,112,112
112,4300232,112,112
112,4548206,112,106
112,6619578,2,2
112,7577748,112,112
112,8399190,112,112
112,8399193,112,112
112,8993468,112,111
112,9183585,110,108
112,11257665,109,109
112,13545800,112,112
112,13761341,112,111
112,13797398,112,112
112,14100704,112,112
112,15215486,112,110
112,19188173,112,112
112,20294372,112,112
112,25501681,112,112
112,26933215,112,112
112,29719831,112,112
112,30175118,112,111
111,157554,111,110
111,178686,111,110
111,214252,111,111
111,229420,111,111
111,233463,111,109
111,251590,111,111
111,262736,111,111
111,268602,111,111
111,271028,111,111
111,271396,111,111
111,279530,111,111
111,288790,111,111
111,311315,111,111
111,316961,109,109
111,560804,111,110
111,564225,111,111
111,571200,111,111
111,572368,107,106
111,593521,111,108
111,619885,111,108
111,633147,111,111
111,652632,110,110
111,676848,111,111
111,710190,111,111
111,719923,111,111
111,730027,111,110
111,784044,111,111
111,889523,111,111
111,901542,111,111
111,965793,111,111
111,1062699,111,111
111,1075112,111,111
111,1090180,111,111
111,1111894,111,111
111,1133467,111,110
111,1176285,111,111
111,1241829,111,111
111,1738679,111,111
111,2318717,111,111
111,2989978,111,111
111,3348705,111,111
111,6439447,111,111
111,8582803,2,2
111,8799104,111,111
111,8948966,111,111
111,9902786,111,111
111,10048552,111,111
111,14046411,111,111
111,14625433,111,111
111,16348149,111,111
111,16985171,111,111
111,18450466,111,111
111,20508744,111,111
111,24991485,111,111
111,26213390,111,111
111,27481336,111,111
111,31486424,111,111
111,32442368,111,111
110,19561,108,108
110,161708,110,110
110,178365,110,110
110,187537,110,109
110,191726,109,106
110,193958,110,110
110,194174,110,110
110,194179,110,110
110,194180,110,110
110,194182,110,110
110,194185,110,110
110,214258,110,110
110,214262,110,110
110,224652,110,107
110,225375,110,110
110,250187,110,107
110,253788,110,110
110,259190,110,110
110,283487,110,110
110,303586,110,110
110,308051,110,110
110,311392,110,108
110,335495,110,110
110,390386,110,110
110,392489,110,110
110,417003,110,110
110,418751,110,109
110,429891,110,110
110,459807,110,108
110,459809,110,110
110,490610,110,110
110,517437,110,108
110,524764,110,110
110,543038,110,110
110,617585,110,110
110,696647,110,110
110,982311,110,109
110,1250593,110,110
110,1494925,2,2
110,1607525,110,110
110,1690991,110,110
110,2234109,110,110
110,2241826,110,110
110,2646146,110,110
110,3458290,110,110
110,3860937,110,110
110,3899096,110,110
110,4587700,110,110
110,4615474,110,110
110,4659478,2,2
110,6422903,110,108
110,6427854,110,110
110,7656212,110,110
110,8039997,2,2
110,8436535,110,110
110,8542752,110,110
110,11684494,110,110
110,12967853,110,110
110,13964651,110,109
110,14447910,110,109
110,15217848,110,110
110,16541840,110,110
110,26446587,110,109
110,28960496,110,110
109,170441,109,109
109,191360,109,109
109,194183,109,109
109,215210,109,109
109,221467,109,105
109,222500,109,108
109,241291,109,108
109,242592,109,109
109,252779,109,109
109,265260,109,109
109,277441,109,106
109,283583,109,108
109,308303,109,109
109,309746,109,99
109,330013,109,108
109,331092,109,109
109,362508,108,107
109,415399,109,109
109,423896,109,109
109,429110,109,108
109,448631,109,109
109,477111,109,108
109,500481,109,109
109,508542,109,109
109,518586,109,109
109,519356,109,108
109,527669,109,109
109,566120,109,109
109,609167,109,108
109,944623,109,109
109,1231293,109,108
109,1399605,109,108
109,2270758,109,109
109,3128009,109,109
109,3852961,109,83
109,4396048,109,109
109,4534501,109,108
109,5168055,109,109
109,6434139,109,109
109,6837157,109,109
109,7550022,109,107
109,7901309,2,2
109,11521349,107,107
109,12752821,109,109
109,12999266,109,109
109,13669292,109,109
109,13730488,109,95
109,13930149,109,109
109,15400350,109,109
109,16985165,109,109
109,21261035,109,109
108,193658,108,107
108,194175,108,108
108,194176,108,108
108,214253,108,108
108,216680,107,105
108,219081,108,107
108,224655,108,105
108,225586,108,107
108,233449,108,107
108,251304,108,108
108,265695,108,108
108,321200,108,107
108,327401,108,105
108,481374,108,107
108,532702,108,108
108,543033,108,108
108,593519,108,107
108,671779,108,108
108,872510,108,108
108,983001,108,108
108,1075100,108,108
108,1341176,108,108
108,1473508,108,108
108,1636797,108,107
108,2105861,108,107
108,2110358,108,108
108,2728494,108,108
108,4166909,2,2
108,4367048,108,108
108,4414851,108,108
108,4788926,108,108
108,6047130,108,108
108,8399060,108,108
108,8520228,108,108
108,8598267,108,107
108,9787303,108,108
108,11559936,108,108
108,11969062,108,107
108,12460600,106,106
108,12578127,108,107
108,13969167,108,108
108,14100703,108,108
108,14523268,108,108
108,14944677,108,108
108,16985167,108,108
108,17271011,108,107
108,18703492,108,108
108,20021785,108,108
108,21175967,108,108
108,24268632,108,108
108,27038717,108,107
108,30762484,108,108
108,42688504,108,108
107,21353,107,107
107,161389,107,107
107,165862,106,105
107,185086,106,106
107,191364,107,107
107,191366,107,107
107,224088,107,106
107,224266,107,99
107,233359,107,107
107,251306,107,107
107,258445,107,105
107,267672,107,107
107,267847,107,104
107,272498,107,107
107,295304,107,107
107,295356,107,106
107,310805,106,102
107,372603,107,106
107,430294,107,107
107,431662,106,106
107,434344,107,106
107,445880,107,106
107,491647,107,107
107,500496,107,107
107,515915,107,107
107,543031,107,107
107,547155,107,107
107,593574,107,107
107,767119,107,107
107,824699,107,107
107,835073,107,107
107,1050972,2,2
107,1340312,107,107
107,1486372,107,107
107,1544176,107,107
107,1643239,107,107
107,1723025,107,107
107,1924602,107,106
107,2098018,107,107
107,2420915,107,107
107,5886347,107,107
107,6439851,107,107
107,8058903,107,107
107,8358462,107,107
107,8399059,107,107
107,8469186,107,107
107,8993467,107,106
107,9169538,107,106
107,9482492,107,107
107,9629346,107,107
107,12445866,107,107
107,13439900,107,107
107,14100701,107,107
107,14465183,107,107
107,14523315,107,107
107,16146476,106,106
107,26246353,107,107
107,26341422,107,106
107,26341423,107,106
107,27038724,107,106
107,31060525,107,107
107,36492758,107,107
106,8421,106,106
106,62871,106,106
106,153814,106,103
106,158553,106,106
106,161689,106,106
106,165796,106,106
106,167196,106,105
106,185593,106,106
106,214263,106,106
106,222530,106,105
106,238206,106,104
106,251309,106,106
106,254775,106,104
106,273253,106,106
106,278817,106,106
106,308204,106,106
106,309748,106,96
106,312798,106,105
106,356251,106,106
106,383945,106,106
106,393342,106,106
106,399117,106,101
106,419576,106,106
106,449248,106,106
106,458536,106,106
106,526697,106,106
106,530178,106,106
106,537005,106,106
106,543028,106,106
106,581730,106,105
106,607494,106,106
106,617631,106,106
106,620190,106,106
106,633993,106,106
106,907697,106,106
106,1025209,106,101
106,1070372,105,105
106,1108855,106,105
106,1285010,106,105
106,1490829,106,106
106,1911936,106,106
106,2553997,106,106
106,3447888,106,106
106,3919057,106,106
106,4414845,106,106
106,4414856,106,106
106,5387200,106,106
106,6869646,105,105
106,7174152,106,106
106,8399114,106,106
106,8399160,106,106
106,8399161,106,106
106,8661146,106,106
106,11304396,106,106
106,13017955,106,106
106,13900544,106,106
106,14100711,106,106
106,14100713,106,106
106,14523237,106,106
106,27038719,106,105
106,27038723,106,105
106,27058001,106,106
106,31060529,106,105
106,31093904,106,106
106,37266266,106,106
105,62886,104,104
105,95514,105,105
105,135022,105,105
105,152726,105,99
105,154529,105,105
105,155568,105,103
105,156807,105,105
105,163265,105,105
105,165495,105,104
105,166365,104,96
105,185641,105,105
105,185824,105,105
105,189236,105,105
105,192276,105,100
105,219082,105,105
105,234711,105,99
105,245845,104,104
105,249724,105,105
105,251428,104,104
105,257084,105,101
105,262517,105,105
105,272060,105,105
105,299744,105,104
105,307970,105,105
105,324293,105,105
105,344410,105,105
105,352116,105,105
105,375071,105,105
105,390529,105,104
105,419572,105,105
105,430426,104,104
105,431531,105,103
105,433129,105,105
105,458532,105,105
105,490604,105,105
105,511925,105,105
105,537002,105,105
105,543037,105,105
105,649071,105,105
105,711530,105,104
105,781699,105,105
105,782495,105,104
105,1264325,104,104
105,1266876,105,105
105,1537264,105,105
105,1608589,105,105
105,1690686,105,105
105,5466102,104,104
105,7911674,105,105
105,8197510,105,105
105,8399129,105,105
105,8634887,105,105
105,11430891,103,103
105,11521345,103,103
105,11936618,105,104
105,14100709,105,105
105,16386621,103,98
105,16985172,105,105
105,16985173,105,105
105,17613502,105,102
105,18180838,105,105
105,18409210,105,105
105,20796174,105,105
105,21462553,105,105
105,30118167,105,105
104,56442,104,103
104,159798,104,104
104,161922,104,104
104,162971,104,103
104,163263,104,104
104,173239,104,104
104,180217,101,97
104,185229,104,104
104,192927,104,104
104,195062,104,103
104,209300,104,101
104,224134,104,104
104,234510,104,104
104,238559,104,104
104,238860,104,104
104,252713,104,104
104,255330,104,104
104,262627,104,104
104,270585,104,103
104,276078,104,103
104,278008,104,104
104,284924,104,103
104,312831,103,102
104,322905,104,104
104,339583,104,103
104,342378,104,102
104,342381,104,102
104,367098,104,104
104,377355,104,103
104,428647,104,104
104,437500,103,103
104,474627,104,103
104,485205,103,102
104,512073,104,104
104,512835,104,99
104,524121,103,103
104,527673,104,104
104,537007,104,104
104,543039,104,104
104,586398,104,104
104,596523,104,104
104,693294,104,104
104,777280,104,104
104,1075102,104,104
104,1075110,104,104
104,1136276,104,101
104,1138153,104,104
104,1186236,4,4
104,1264613,103,103
104,1378399,100,100
104,1764634,104,104
104,2300372,104,102
104,2470184,104,104
104,3371755,104,104
104,5219443,9,9
104,5650431,104,103
104,8080774,104,104
104,8399127,104,104
104,9335069,104,104
104,9485027,103,103
104,11521347,104,104
104,11968934,104,103
104,13405687,104,104
104,14297856,104,104
104,15830877,104,104
104,17483102,104,104
104,19412853,104,104
104,21112538,104,104
104,24012523,104,104
104,27038722,104,103
104,27481342,104,104
104,29660102,104,104
103,6661,103,102
103,16903,103,103
103,95517,103,102
103,152533,103,102
103,186576,101,98
103,192588,103,103
103,199615,102,102
103,214264,103,103
103,239605,103,103
103,241472,103,100
103,253098,102,102
103,254230,103,103
103,259676,103,101
103,295297,102,102
103,299476,103,100
103,299492,103,100
103,300447,103,103
103,304912,103,100
103,311918,103,103
103,319536,103,103
103,342380,103,101
103,360485,103,103
103,384693,103,103
103,388506,103,103
103,418791,103,103
103,428645,103,103
103,428935,103,103
103,437206,103,103
103,437584,103,103
103,500463,103,103
103,502100,103,103
103,537000,103,103
103,537003,103,103
103,543030,103,103
103,543032,103,103
103,543034,103,103
103,543036,103,103
103,543040,103,103
103,547161,103,103
103,633999,103,103
103,694382,103,103
103,751034,103,103
103,1075107,103,103
103,1093369,103,103
103,1096419,103,103
103,1764630,103,103
103,2272303,103,103
103,2581056,103,103
103,3519528,103,103
103,4414850,103,103
103,4502622,103,103
103,4636500,103,103
103,4758225,103,100
103,5152546,103,103
103,6029807,103,103
103,7484969,103,102
103,8399191,103,103
103,8542755,103,103
103,9307694,103,103
103,10141210,103,101
103,10183570,103,103
103,14100712,103,103
103,14523309,103,103
103,15729786,103,103
103,16985174,103,103
103,20419367,103,103
103,25708585,103,103
103,25819936,103,103
103,26246355,103,103
103,27038720,103,102
103,27481340,103,103
103,29686766,103,102
103,31749107,103,103
103,41987666,103,103
102,16901,102,102
102,152535,102,101
102,154922,102,102
102,158791,102,101
102,160709,102,100
102,167273,102,102
102,178548,102,101
102,222872,102,101
102,224254,102,101
102,224651,102,99
102,245459,102,94
102,248801,102,102
102,270986,102,102
102,275998,102,102
102,281182,102,102
102,281907,102,102
102,284922,102,102
102,311297,102,100
102,318044,102,102
102,323761,102,98
102,335488,102,102
102,358254,102,102
102,397341,102,102
102,432133,102,101
102,445920,102,102
102,453857,102,102
102,464366,102,102
102,477621,102,102
102,480899,102,102
102,500454,102,102
102,543035,102,102
102,543957,102,98
102,561055,102,102
102,591727,102,101
102,630511,102,102
102,646745,102,102
102,699595,102,100
102,787271,102,102
102,973215,102,102
102,975040,102,102
102,1072107,102,102
102,1138142,102,102
102,1514017,102,102
102,1644759,102,101
102,1704971,102,102
102,2328925,101,101
102,2914373,102,102
102,3090593,98,98
102,4137350,102,102
102,6330362,2,2
102,7759164,102,102
102,8676511,102,102
102,9482504,102,102
102,9657247,102,101
102,11559935,102,102
102,12031619,102,102
102,13295069,102,102
102,13761340,102,101
102,14523229,102,102
102,14523266,102,102
102,15299550,102,102
102,17079039,102,102
102,17728931,102,102
102,20333577,99,99
102,20636940,101,101
102,33229601,102,102
102,42345541,1,1
101,16905,101,101
101,18927,101,101
101,159792,101,101
101,160874,100,100
101,161996,101,101
101,162258,101,95
101,162921,101,98
101,167610,101,99
101,185471,101,99
101,186064,101,101
101,187951,101,101
101,189221,100,100
101,192314,101,101
101,220748,101,101
101,222299,101,101
101,224657,101,98
101,241827,101,101
101,246755,101,101
101,246819,101,100
101,249704,101,101
101,252584,101,101
101,257079,101,97
101,285542,101,101
101,328192,101,101
101,328769,101,101
101,329378,101,101
101,350379,101,101
101,353517,101,101
101,357458,101,101
101,376973,101,101
101,399066,101,98
101,410564,101,101
101,430429,101,101
101,430432,101,101
101,430823,101,100
101,457157,101,101
101,458533,101,101
101,480444,101,101
101,487160,101,101
101,489098,101,99
101,492577,101,100
101,497054,101,101
101,504802,101,100
101,584886,101,101
101,594966,101,100
101,685506,101,100
101,690390,101,101
101,693298,101,101
101,891040,101,101
101,1022019,101,101
101,1075104,101,101
101,1161985,101,99
101,1201365,101,101
101,1703831,100,100
101,1764631,100,100
101,1764633,101,101
101,2390025,101,101
101,2993222,101,101
101,4219424,101,101
101,4442272,101,101
101,5372450,101,101
101,5833262,101,101
101,6478347,101,101
101,6681333,101,101
101,7384779,101,101
101,10228043,101,101
101,13088020,101,101
101,15473207,101,101
101,16985170,101,101
101,17596829,101,101
101,18088570,101,101
101,27481345,101,101
101,27493741,101,101
101,29660098,101,101
101,30095086,101,101
101,35303072,101,100
100,16907,100,100
100,151134,100,98
100,157582,100,99
100,162611,100,97
100,163260,100,100
100,164519,100,100
100,165305,100,100
100,180660,100,100
100,180661,100,100
100,209296,100,99
100,219267,100,100
100,219461,99,98
100,231577,100,99
100,239607,100,100
100,244242,100,97
100,246829,100,98
100,253615,100,100
100,268009,100,100
100,276774,100,99
100,282056,100,100
100,291085,100,98
100,293195,100,100
100,296521,100,98
100,310810,99,95
100,329381,100,100
100,329382,100,100
100,397671,100,100
100,416439,100,97
100,416932,100,100
100,428648,100,100
100,453863,100,100
100,526513,100,100
100,555462,100,100
100,560819,100,99
100,568729,99,98
100,841943,100,100
100,920922,100,100
100,1010132,100,100
100,1049758,100,100
100,1242923,100,99
100,1269170,100,100
100,1394601,100,100
100,1408407,100,100
100,1557471,100,99
100,1732597,100,100
100,1764629,100,100
100,3168547,100,100
100,3912295,100,100
100,4065062,100,99
100,4758224,100,98
100,4821720,100,100
100,5099607,100,100
100,5483558,100,100
100,6016773,100,98
100,6093340,100,100
100,6494167,100,100
100,6941903,100,100
100,7606031,100,100
100,10295719,99,97
100,10295721,99,97
100,11765524,100,100
100,11968992,100,99
100,13246478,100,100
100,14026355,100,100
100,14100705,100,100
100,14100707,100,100
100,14100710,100,100
100,14523311,100,98
100,15327206,100,100
100,16985175,100,100
100,17271082,100,100
100,17483096,100,100
100,27481350,100,100
100,30118166,100,100
100,37836252,100,100
